completed_orders,average_fulfillment_time,total_distance,collisions,charging_events,average_battery,utilization,tick
0,0,0.0,0,0,99.95,0.0,0
0,0,0.0,0,0,99.7,0.0,10
0,0,0.0,0,0,99.45,0.05,20
0,0,0.0,0,0,99.2,0.1,30
0,0,0.0,0,0,98.95,0.12,40
0,0,0.0,0,0,98.7,0.14,50
0,0,0.0,0,0,98.45,0.15,60
0,0,0.0,0,0,98.2,0.15,70
0,0,0.0,0,0,97.95,0.16,80
0,0,0.0,0,0,97.7,0.16,90
0,0,0.0,0,0,97.45,0.17,100
0,0,0.0,0,0,97.2,0.17,110
0,0,0.0,0,0,96.95,0.17,120
0,0,0.0,0,0,96.7,0.18,130
0,0,0.0,0,0,96.45,0.18,140
0,0,0.0,0,0,96.2,0.18,150
0,0,0.0,0,0,95.95,0.18,160
0,0,0.0,0,0,95.7,0.18,170
0,0,0.0,0,0,95.45,0.18,180
0,0,0.0,0,0,95.2,0.18,190
0,0,0.0,0,0,94.95,0.18,200
0,0,0.0,0,0,94.7,0.18,210
0,0,0.0,0,0,94.45,0.19,220
0,0,0.0,0,0,94.2,0.19,230
0,0,0.0,0,0,93.95,0.19,240
0,0,0.0,0,0,93.7,0.2,250
0,0,0.0,0,0,93.45,0.2,260
0,0,0.0,0,0,93.2,0.21,270
0,0,0.0,0,0,92.95,0.22,280
0,0,0.0,0,0,92.7,0.22,290
0,0,0.0,0,0,92.45,0.23,300
0,0,0.0,0,0,92.2,0.24,310
0,0,0.0,0,0,91.95,0.24,320
0,0,0.0,0,0,91.7,0.25,330
0,0,0.0,0,0,91.45,0.25,340
0,0,0.0,0,0,91.2,0.25,350
0,0,0.0,0,0,90.95,0.26,360
0,0,0.0,0,0,90.7,0.26,370
0,0,0.0,0,0,90.45,0.27,380
0,0,0.0,0,0,90.2,0.27,390
0,0,0.0,0,0,89.95,0.27,400
0,0,0.0,0,0,89.7,0.28,410
0,0,0.0,0,0,89.45,0.28,420
0,0,0.0,0,0,89.2,0.28,430
0,0,0.0,0,0,88.95,0.28,440
0,0,0.0,0,0,88.7,0.29,450
0,0,0.0,0,0,88.45,0.29,460
0,0,0.0,0,0,88.2,0.29,470
0,0,0.0,0,0,87.95,0.29,480
0,0,0.0,0,0,87.7,0.3,490
0,0,0.0,0,0,87.45,0.3,500
0,0,0.0,0,0,87.2,0.3,510
0,0,0.0,0,0,86.95,0.3,520
0,0,0.0,0,0,86.7,0.3,530
0,0,0.0,0,0,86.45,0.31,540
0,0,0.0,0,0,86.2,0.31,550
0,0,0.0,0,0,85.95,0.31,560
0,0,0.0,0,0,85.7,0.31,570
0,0,0.0,0,0,85.45,0.31,580
0,0,0.0,0,0,85.2,0.31,590
0,0,0.0,0,0,84.95,0.31,600
0,0,0.0,0,0,84.7,0.32,610
0,0,0.0,0,0,84.45,0.32,620
0,0,0.0,0,0,84.2,0.32,630
0,0,0.0,0,0,83.95,0.32,640
0,0,0.0,0,0,83.7,0.32,650
0,0,0.0,0,0,83.45,0.32,660
0,0,0.0,0,0,83.2,0.32,670
0,0,0.0,0,0,82.95,0.32,680
0,0,0.0,0,0,82.7,0.33,690
0,0,0.0,0,0,82.45,0.33,700
0,0,0.0,0,0,82.2,0.33,710
0,0,0.0,0,0,81.95,0.33,720
0,0,0.0,0,0,81.7,0.33,730
0,0,0.0,0,0,81.45,0.33,740
0,0,0.0,0,0,81.2,0.34,750
0,0,0.0,0,0,80.95,0.34,760
0,0,0.0,0,0,80.7,0.34,770
0,0,0.0,0,0,80.45,0.35,780
0,0,0.0,0,0,80.2,0.35,790
0,0,0.0,0,0,79.95,0.35,800
0,0,0.0,0,0,79.7,0.36,810
0,0,0.0,0,0,79.45,0.36,820
0,0,0.0,0,0,79.2,0.36,830
0,0,0.0,0,0,78.95,0.37,840
0,0,0.0,0,0,78.7,0.37,850
0,0,0.0,0,0,78.45,0.38,860
0,0,0.0,0,0,78.2,0.38,870
0,0,0.0,0,0,77.95,0.39,880
0,0,0.0,0,0,77.7,0.39,890
0,0,0.0,0,0,77.45,0.39,900
0,0,0.0,0,0,77.2,0.4,910
0,0,0.0,0,0,76.95,0.4,920
0,0,0.0,0,0,76.7,0.41,930
0,0,0.0,0,0,76.45,0.41,940
0,0,0.0,0,0,76.2,0.42,950
0,0,0.0,0,0,75.95,0.42,960
0,0,0.0,0,0,75.7,0.42,970
0,0,0.0,0,0,75.45,0.43,980
0,0,0.0,0,0,75.2,0.43,990
0,0,0.0,0,0,74.95,0.43,1000
0,0,0.0,0,0,74.7,0.44,1010
0,0,0.0,0,0,74.45,0.44,1020
0,0,0.0,0,0,74.2,0.45,1030
0,0,0.0,0,0,73.95,0.45,1040
0,0,0.0,0,0,73.7,0.45,1050
0,0,0.0,0,0,73.45,0.46,1060
0,0,0.0,0,0,73.2,0.46,1070
0,0,0.0,0,0,72.95,0.46,1080
0,0,0.0,0,0,72.7,0.46,1090
0,0,0.0,0,0,72.45,0.47,1100
0,0,0.0,0,0,72.2,0.47,1110
0,0,0.0,0,0,71.95,0.47,1120
0,0,0.0,0,0,71.7,0.48,1130
0,0,0.0,0,0,71.45,0.48,1140
0,0,0.0,0,0,71.2,0.48,1150
0,0,0.0,0,0,70.95,0.49,1160
0,0,0.0,0,0,70.7,0.49,1170
0,0,0.0,0,0,70.45,0.49,1180
0,0,0.0,0,0,70.2,0.49,1190
0,0,0.0,0,0,69.95,0.5,1200
0,0,0.0,0,0,69.7,0.5,1210
0,0,0.0,0,0,69.45,0.5,1220
0,0,0.0,0,0,69.2,0.5,1230
0,0,0.0,0,0,68.95,0.51,1240
0,0,0.0,0,0,68.7,0.51,1250
0,0,0.0,0,0,68.45,0.51,1260
0,0,0.0,0,0,68.2,0.51,1270
0,0,0.0,0,0,67.95,0.51,1280
0,0,0.0,0,0,67.7,0.52,1290
0,0,0.0,0,0,67.45,0.52,1300
0,0,0.0,0,0,67.2,0.52,1310
0,0,0.0,0,0,66.95,0.52,1320
0,0,0.0,0,0,66.7,0.53,1330
0,0,0.0,0,0,66.45,0.53,1340
0,0,0.0,0,0,66.2,0.53,1350
0,0,0.0,0,0,65.95,0.53,1360
0,0,0.0,0,0,65.7,0.53,1370
0,0,0.0,0,0,65.45,0.54,1380
0,0,0.0,0,0,65.2,0.54,1390
0,0,0.0,0,0,64.95,0.54,1400
0,0,0.0,0,0,64.7,0.54,1410
0,0,0.0,0,0,64.45,0.54,1420
0,0,0.0,0,0,64.2,0.54,1430
0,0,0.0,0,0,63.95,0.55,1440
0,0,0.0,0,0,63.7,0.55,1450
0,0,0.0,0,0,63.45,0.55,1460
0,0,0.0,0,0,63.2,0.55,1470
0,0,0.0,0,0,62.95,0.55,1480
0,0,0.0,0,0,62.7,0.55,1490
0,0,0.0,0,0,62.45,0.56,1500
0,0,0.0,0,0,62.2,0.56,1510
0,0,0.0,0,0,61.95,0.56,1520
0,0,0.0,0,0,61.7,0.56,1530
0,0,0.0,0,0,61.45,0.56,1540
0,0,0.0,0,0,61.2,0.57,1550
0,0,0.0,0,0,60.95,0.57,1560
0,0,0.0,0,0,60.7,0.57,1570
0,0,0.0,0,0,60.45,0.58,1580
0,0,0.0,0,0,60.2,0.58,1590
0,0,0.0,0,0,59.95,0.58,1600
0,0,0.0,0,0,59.7,0.58,1610
0,0,0.0,0,0,59.45,0.59,1620
0,0,0.0,0,0,59.2,0.59,1630
0,0,0.0,0,0,58.95,0.59,1640
0,0,0.0,0,0,58.7,0.59,1650
0,0,0.0,0,0,58.45,0.6,1660
0,0,0.0,0,0,58.2,0.6,1670
0,0,0.0,0,0,57.95,0.6,1680
0,0,0.0,0,0,57.7,0.6,1690
0,0,0.0,0,0,57.45,0.61,1700
0,0,0.0,0,0,57.2,0.61,1710
0,0,0.0,0,0,56.95,0.61,1720
0,0,0.0,0,0,56.7,0.61,1730
0,0,0.0,0,0,56.45,0.61,1740
0,0,0.0,0,0,56.2,0.62,1750
0,0,0.0,0,0,55.95,0.62,1760
0,0,0.0,0,0,55.7,0.62,1770
0,0,0.0,0,0,55.45,0.62,1780
0,0,0.0,0,0,55.2,0.62,1790
0,0,0.0,0,0,54.95,0.63,1800
0,0,0.0,0,0,54.7,0.63,1810
0,0,0.0,0,0,54.45,0.63,1820
0,0,0.0,0,0,54.2,0.63,1830
0,0,0.0,0,0,53.95,0.64,1840
0,0,0.0,0,0,53.7,0.64,1850
0,0,0.0,0,0,53.45,0.64,1860
0,0,0.0,0,0,53.2,0.64,1870
0,0,0.0,0,0,52.95,0.64,1880
0,0,0.0,0,0,52.7,0.64,1890
0,0,0.0,0,0,52.45,0.65,1900
0,0,0.0,0,0,52.2,0.65,1910
0,0,0.0,0,0,51.95,0.65,1920
0,0,0.0,0,0,51.7,0.65,1930
0,0,0.0,0,0,51.45,0.65,1940
0,0,0.0,0,0,51.2,0.66,1950
0,0,0.0,0,0,50.95,0.66,1960
0,0,0.0,0,0,50.7,0.66,1970
0,0,0.0,0,0,50.45,0.66,1980
0,0,0.0,0,0,50.2,0.66,1990
